"","Group","Target","value"
"1","CBD","PCO",1.79877831166696
"2","CBD","ePCO",1.84619625424745
"3","GB","PCO",1.05290682299768
"4","GB","ePCO",1.26316594665347
"5","IHD","PCO",1.90595352813058
"6","IHD","ePCO",1.94210931076907
